Designator,Val,Package,Mid X,Mid Y,Rotation,Side
"Q2","Q_NMOS_GDS","TO-252-2",38.975000,-59.437000,0.000000,bottom
"R1","100K 立","R_0805_2012Metric_Pad1.20x1.40mm_HandSolder",33.290000,-33.655000,0.000000,bottom
"R3","200K 立","R_0805_2012Metric_Pad1.20x1.40mm_HandSolder",33.290000,-36.830000,180.000000,bottom
"R5","100K 立","R_0805_2012Metric_Pad1.20x1.40mm_HandSolder",37.465000,-31.448000,-90.000000,bottom
"R6","100K 立","R_0805_2012Metric_Pad1.20x1.40mm_HandSolder",33.020000,-49.530000,180.000000,bottom
"SW1","SW_SPST","SW_SPST_EVQP7C",41.170000,-27.898000,0.000000,bottom
"SW2","SW_SPST","SW_SPST_EVQP7C",33.760000,-27.898000,0.000000,bottom
"U2","ADXL345BCCZ-RL7","PQFN80P500X300X100-14N",40.900000,-44.215000,0.000000,bottom
